"date","ticker","close","growth_streak"
"2020-02-10","AAPL","80.38749694824219","1"
"2020-02-11","AAPL","79.90249633789062","1"
"2020-02-12","AAPL","81.80000305175781","2"
"2020-02-13","AAPL","81.21749877929688","1"
"2020-02-14","AAPL","81.23750305175781","2"
"2020-02-18","AAPL","79.75","1"
"2020-02-19","AAPL","80.90499877929688","2"
"2020-02-20","AAPL","80.07499694824219","1"
"2020-02-21","AAPL","78.26249694824219","1"
"2020-02-24","AAPL","74.54499816894531","1"
"2020-02-25","AAPL","72.0199966430664","1"
"2020-02-26","AAPL","73.1624984741211","2"
"2020-02-27","AAPL","68.37999725341797","1"
"2020-02-28","AAPL","68.33999633789062","1"
"2020-03-02","AAPL","74.70249938964844","2"
"2020-03-03","AAPL","72.33000183105469","1"
"2020-03-04","AAPL","75.68499755859375","2"
"2020-03-05","AAPL","73.2300033569336","1"
"2020-03-06","AAPL","72.25749969482422","1"
"2020-03-09","AAPL","66.5425033569336","1"
"2020-03-10","AAPL","71.33499908447266","2"
"2020-03-11","AAPL","68.85749816894531","1"
"2020-03-12","AAPL","62.057498931884766","1"
"2020-03-13","AAPL","69.49250030517578","2"
"2020-03-16","AAPL","60.5525016784668","1"
"2020-03-17","AAPL","63.21500015258789","2"
"2020-03-18","AAPL","61.66749954223633","1"
"2020-03-19","AAPL","61.19499969482422","1"
"2020-03-20","AAPL","57.310001373291016","1"
"2020-03-23","AAPL","56.092498779296875","1"
"2020-03-24","AAPL","61.720001220703125","2"
"2020-03-25","AAPL","61.380001068115234","1"
"2020-03-26","AAPL","64.61000061035156","2"
"2020-03-27","AAPL","61.935001373291016","1"
"2020-03-30","AAPL","63.70249938964844","2"
"2020-03-31","AAPL","63.5724983215332","1"
"2020-04-01","AAPL","60.227500915527344","1"
"2020-04-02","AAPL","61.23249816894531","2"
"2020-04-03","AAPL","60.352500915527344","1"
"2020-04-06","AAPL","65.61750030517578","2"
"2020-04-07","AAPL","64.85749816894531","1"
"2020-04-08","AAPL","66.51750183105469","2"
"2020-04-09","AAPL","66.99749755859375","3"
"2020-04-13","AAPL","68.3125","4"
"2020-04-14","AAPL","71.76249694824219","5"
"2020-04-15","AAPL","71.10749816894531","1"
"2020-04-16","AAPL","71.67250061035156","2"
"2020-04-17","AAPL","70.69999694824219","1"
"2020-04-20","AAPL","69.23249816894531","1"
"2020-04-21","AAPL","67.09249877929688","1"
"2020-04-22","AAPL","69.0250015258789","2"
"2020-04-23","AAPL","68.75749969482422","1"
"2020-04-24","AAPL","70.74250030517578","2"
"2020-04-27","AAPL","70.7925033569336","3"
"2020-04-28","AAPL","69.6449966430664","1"
"2020-04-29","AAPL","71.93250274658203","2"
"2020-04-30","AAPL","73.44999694824219","3"
"2020-05-01","AAPL","72.26750183105469","1"
"2020-05-04","AAPL","73.29000091552734","2"
"2020-05-05","AAPL","74.38999938964844","3"
"2020-05-06","AAPL","75.15750122070312","4"
"2020-05-07","AAPL","75.93499755859375","5"
"2020-05-08","AAPL","77.53250122070312","6"
"2020-05-11","AAPL","78.75250244140625","7"
"2020-05-12","AAPL","77.85250091552734","1"
"2020-05-13","AAPL","76.9124984741211","1"
"2020-05-14","AAPL","77.38500213623047","2"
"2020-05-15","AAPL","76.92749786376953","1"
"2020-05-18","AAPL","78.73999786376953","2"
"2020-05-19","AAPL","78.28500366210938","1"
"2020-05-20","AAPL","79.80750274658203","2"
"2020-05-21","AAPL","79.2125015258789","1"
"2020-05-22","AAPL","79.72250366210938","2"
"2020-05-26","AAPL","79.18250274658203","1"
"2020-05-27","AAPL","79.52749633789062","2"
"2020-05-28","AAPL","79.5625","3"
"2020-05-29","AAPL","79.48500061035156","1"
"2020-06-01","AAPL","80.4625015258789","2"
"2020-06-02","AAPL","80.83499908447266","3"
"2020-06-03","AAPL","81.27999877929688","4"
"2020-06-04","AAPL","80.58000183105469","1"
"2020-06-05","AAPL","82.875","2"
"2020-06-08","AAPL","83.36499786376953","3"
"2020-06-09","AAPL","85.99749755859375","4"
"2020-06-10","AAPL","88.20999908447266","5"
"2020-06-11","AAPL","83.9749984741211","1"
"2020-06-12","AAPL","84.69999694824219","2"
"2020-06-15","AAPL","85.74749755859375","3"
"2020-06-16","AAPL","88.0199966430664","4"
"2020-06-17","AAPL","87.89749908447266","1"
"2020-06-18","AAPL","87.93250274658203","2"
"2020-06-19","AAPL","87.43000030517578","1"
"2020-06-22","AAPL","89.71749877929688","2"
"2020-06-23","AAPL","91.63249969482422","3"
"2020-06-24","AAPL","90.01499938964844","1"
"2020-06-25","AAPL","91.20999908447266","2"
"2020-06-26","AAPL","88.40750122070312","1"
"2020-06-29","AAPL","90.44499969482422","2"
"2020-06-30","AAPL","91.19999694824219","3"
"2020-07-01","AAPL","91.02749633789062","1"
"2020-07-02","AAPL","91.02749633789062","1"
"2020-07-06","AAPL","93.4625015258789","2"
"2020-07-07","AAPL","93.17250061035156","1"
"2020-07-08","AAPL","95.34249877929688","2"
"2020-07-09","AAPL","95.75250244140625","3"
"2020-07-10","AAPL","95.91999816894531","4"
"2020-07-13","AAPL","95.47750091552734","1"
"2020-07-14","AAPL","97.05750274658203","2"
"2020-07-15","AAPL","97.7249984741211","3"
"2020-07-16","AAPL","96.52249908447266","1"
"2020-07-17","AAPL","96.32749938964844","1"
"2020-07-20","AAPL","98.35749816894531","2"
"2020-07-21","AAPL","97","1"
"2020-07-22","AAPL","97.27249908447266","2"
"2020-07-23","AAPL","92.84500122070312","1"
"2020-07-24","AAPL","92.61499786376953","1"
"2020-07-27","AAPL","94.80999755859375","2"
"2020-07-28","AAPL","93.25250244140625","1"
"2020-07-29","AAPL","95.04000091552734","2"
"2020-07-30","AAPL","96.19000244140625","3"
"2020-07-31","AAPL","106.26000213623047","4"
"2020-08-03","AAPL","108.9375","5"
"2020-08-04","AAPL","109.66500091552734","6"
"2020-08-05","AAPL","110.0625","7"
"2020-08-06","AAPL","113.90249633789062","8"
"2020-08-07","AAPL","111.11250305175781","1"
"2020-08-10","AAPL","112.72750091552734","2"
"2020-08-11","AAPL","109.375","1"
"2020-08-12","AAPL","113.01000213623047","2"
"2020-08-13","AAPL","115.01000213623047","3"
"2020-08-14","AAPL","114.90750122070312","1"
"2020-08-17","AAPL","114.60749816894531","1"
"2020-08-18","AAPL","115.5625","2"
"2020-08-19","AAPL","115.7074966430664","3"
"2020-08-20","AAPL","118.2750015258789","4"
"2020-08-21","AAPL","124.37000274658203","5"
"2020-08-24","AAPL","125.85749816894531","6"
"2020-08-25","AAPL","124.82499694824219","1"
"2020-08-26","AAPL","126.52249908447266","2"
"2020-08-27","AAPL","125.01000213623047","1"
"2020-08-28","AAPL","124.80750274658203","1"
"2020-08-31","AAPL","129.0399932861328","2"
"2020-09-01","AAPL","134.17999267578125","3"
"2020-09-02","AAPL","131.39999389648438","1"
"2020-09-03","AAPL","120.87999725341797","1"
"2020-09-04","AAPL","120.95999908447266","2"
"2020-09-08","AAPL","112.81999969482422","1"
"2020-09-09","AAPL","117.31999969482422","2"
"2020-09-10","AAPL","113.48999786376953","1"
"2020-09-11","AAPL","112","1"
"2020-09-14","AAPL","115.36000061035156","2"
"2020-09-15","AAPL","115.54000091552734","3"
"2020-09-16","AAPL","112.12999725341797","1"
"2020-09-17","AAPL","110.33999633789062","1"
"2020-09-18","AAPL","106.83999633789062","1"
"2020-09-21","AAPL","110.08000183105469","2"
"2020-09-22","AAPL","111.80999755859375","3"
"2020-09-23","AAPL","107.12000274658203","1"
"2020-09-24","AAPL","108.22000122070312","2"
"2020-09-25","AAPL","112.27999877929688","3"
"2020-09-28","AAPL","114.95999908447266","4"
"2020-09-29","AAPL","114.08999633789062","1"
"2020-09-30","AAPL","115.80999755859375","2"
"2020-10-01","AAPL","116.79000091552734","3"
"2020-10-02","AAPL","113.0199966430664","1"
"2020-10-05","AAPL","116.5","2"
"2020-10-06","AAPL","113.16000366210938","1"
"2020-10-07","AAPL","115.08000183105469","2"
"2020-10-08","AAPL","114.97000122070312","1"
"2020-10-09","AAPL","116.97000122070312","2"
"2020-10-12","AAPL","124.4000015258789","3"
"2020-10-13","AAPL","121.0999984741211","1"
"2020-10-14","AAPL","121.19000244140625","2"
"2020-10-15","AAPL","120.70999908447266","1"
"2020-10-16","AAPL","119.0199966430664","1"
"2020-10-19","AAPL","115.9800033569336","1"
"2020-10-20","AAPL","117.51000213623047","2"
"2020-10-21","AAPL","116.87000274658203","1"
"2020-10-22","AAPL","115.75","1"
"2020-10-23","AAPL","115.04000091552734","1"
"2020-10-26","AAPL","115.05000305175781","2"
"2020-10-27","AAPL","116.5999984741211","3"
"2020-10-28","AAPL","111.19999694824219","1"
"2020-10-29","AAPL","115.31999969482422","2"
"2020-10-30","AAPL","108.86000061035156","1"
"2020-11-02","AAPL","108.7699966430664","1"
"2020-11-03","AAPL","110.44000244140625","2"
"2020-11-04","AAPL","114.94999694824219","3"
"2020-11-05","AAPL","119.02999877929688","4"
"2020-11-06","AAPL","118.69000244140625","1"
"2020-11-09","AAPL","116.31999969482422","1"
"2020-11-10","AAPL","115.97000122070312","1"
"2020-11-11","AAPL","119.48999786376953","2"
"2020-11-12","AAPL","119.20999908447266","1"
"2020-11-13","AAPL","119.26000213623047","2"
"2020-11-16","AAPL","120.30000305175781","3"
"2020-11-17","AAPL","119.38999938964844","1"
"2020-11-18","AAPL","118.02999877929688","1"
"2020-11-19","AAPL","118.63999938964844","2"
"2020-11-20","AAPL","117.33999633789062","1"
"2020-11-23","AAPL","113.8499984741211","1"
"2020-11-24","AAPL","115.16999816894531","2"
"2020-11-25","AAPL","116.02999877929688","3"
"2020-11-27","AAPL","116.58999633789062","4"
"2020-11-30","AAPL","119.05000305175781","5"
"2020-12-01","AAPL","122.72000122070312","6"
"2020-12-02","AAPL","123.08000183105469","7"
"2020-12-03","AAPL","122.94000244140625","1"
"2020-12-04","AAPL","122.25","1"
"2020-12-07","AAPL","123.75","2"
"2020-12-08","AAPL","124.37999725341797","3"
"2020-12-09","AAPL","121.77999877929688","1"
"2020-12-10","AAPL","123.23999786376953","2"
"2020-12-11","AAPL","122.41000366210938","1"
"2020-12-14","AAPL","121.77999877929688","1"
"2020-12-15","AAPL","127.87999725341797","2"
"2020-12-16","AAPL","127.80999755859375","1"
"2020-12-17","AAPL","128.6999969482422","2"
"2020-12-18","AAPL","126.66000366210938","1"
"2020-12-21","AAPL","128.22999572753906","2"
"2020-12-22","AAPL","131.8800048828125","3"
"2020-12-23","AAPL","130.9600067138672","1"
"2020-12-24","AAPL","131.97000122070312","2"
"2020-12-28","AAPL","136.69000244140625","3"
"2020-12-29","AAPL","134.8699951171875","1"
"2020-12-30","AAPL","133.72000122070312","1"
"2020-12-31","AAPL","132.69000244140625","1"
"2021-01-04","AAPL","129.41000366210938","1"
"2021-01-05","AAPL","131.00999450683594","2"
"2021-01-06","AAPL","126.5999984741211","1"
"2021-01-07","AAPL","130.9199981689453","2"
"2021-01-08","AAPL","132.0500030517578","3"
"2021-01-11","AAPL","128.97999572753906","1"
"2021-01-12","AAPL","128.8000030517578","1"
"2021-01-13","AAPL","130.88999938964844","2"
"2021-01-14","AAPL","128.91000366210938","1"
"2021-01-15","AAPL","127.13999938964844","1"
"2021-01-19","AAPL","127.83000183105469","2"
"2021-01-20","AAPL","132.02999877929688","3"
"2021-01-21","AAPL","136.8699951171875","4"
"2021-01-22","AAPL","139.07000732421875","5"
"2021-01-25","AAPL","142.9199981689453","6"
"2021-01-26","AAPL","143.16000366210938","7"
"2021-01-27","AAPL","142.05999755859375","1"
"2021-01-28","AAPL","137.08999633789062","1"
"2021-01-29","AAPL","131.9600067138672","1"
"2021-02-01","AAPL","134.13999938964844","2"
"2021-02-02","AAPL","134.99000549316406","3"
"2021-02-03","AAPL","133.94000244140625","1"
"2021-02-04","AAPL","137.38999938964844","2"
"2021-02-05","AAPL","136.75999450683594","1"
"2021-02-08","AAPL","136.91000366210938","2"
"2021-02-09","AAPL","136.00999450683594","1"
"2021-02-10","AAPL","135.38999938964844","1"
"2021-02-11","AAPL","135.1300048828125","1"
"2021-02-12","AAPL","135.3699951171875","2"
"2021-02-16","AAPL","133.19000244140625","1"
"2021-02-17","AAPL","130.83999633789062","1"
"2021-02-18","AAPL","129.7100067138672","1"
"2021-02-19","AAPL","129.8699951171875","2"
"2021-02-22","AAPL","126","1"
"2021-02-23","AAPL","125.86000061035156","1"
"2021-02-24","AAPL","125.3499984741211","1"
"2021-02-25","AAPL","120.98999786376953","1"
"2021-02-26","AAPL","121.26000213623047","2"
"2021-03-01","AAPL","127.79000091552734","3"
"2021-03-02","AAPL","125.12000274658203","1"
"2021-03-03","AAPL","122.05999755859375","1"
"2021-03-04","AAPL","120.12999725341797","1"
"2021-03-05","AAPL","121.41999816894531","2"
"2021-03-08","AAPL","116.36000061035156","1"
"2021-03-09","AAPL","121.08999633789062","2"
"2021-03-10","AAPL","119.9800033569336","1"
"2021-03-11","AAPL","121.95999908447266","2"
"2021-03-12","AAPL","121.02999877929688","1"
"2021-03-15","AAPL","123.98999786376953","2"
"2021-03-16","AAPL","125.56999969482422","3"
"2021-03-17","AAPL","124.76000213623047","1"
"2021-03-18","AAPL","120.52999877929688","1"
"2021-03-19","AAPL","119.98999786376953","1"
"2021-03-22","AAPL","123.38999938964844","2"
"2021-03-23","AAPL","122.54000091552734","1"
"2021-03-24","AAPL","120.08999633789062","1"
"2021-03-25","AAPL","120.58999633789062","2"
"2021-03-26","AAPL","121.20999908447266","3"
"2021-03-29","AAPL","121.38999938964844","4"
"2021-03-30","AAPL","119.9000015258789","1"
"2021-03-31","AAPL","122.1500015258789","2"
"2021-04-01","AAPL","123","3"
"2021-04-05","AAPL","125.9000015258789","4"
"2021-04-06","AAPL","126.20999908447266","5"
"2021-04-07","AAPL","127.9000015258789","6"
"2021-04-08","AAPL","130.36000061035156","7"
"2021-04-09","AAPL","133","8"
"2021-04-12","AAPL","131.24000549316406","1"
"2021-04-13","AAPL","134.42999267578125","2"
"2021-04-14","AAPL","132.02999877929688","1"
"2021-04-15","AAPL","134.5","2"
"2021-04-16","AAPL","134.16000366210938","1"
"2021-04-19","AAPL","134.83999633789062","2"
"2021-04-20","AAPL","133.11000061035156","1"
"2021-04-21","AAPL","133.5","2"
"2021-04-22","AAPL","131.94000244140625","1"
"2021-04-23","AAPL","134.32000732421875","2"
"2021-04-26","AAPL","134.72000122070312","3"
"2021-04-27","AAPL","134.38999938964844","1"
"2021-04-28","AAPL","133.5800018310547","1"
"2021-04-29","AAPL","133.47999572753906","1"
"2021-04-30","AAPL","131.4600067138672","1"
"2021-05-03","AAPL","132.5399932861328","2"
"2021-05-04","AAPL","127.8499984741211","1"
"2021-05-05","AAPL","128.10000610351562","2"
"2021-05-06","AAPL","129.74000549316406","3"
"2021-05-07","AAPL","130.2100067138672","4"
"2021-05-10","AAPL","126.8499984741211","1"
"2021-05-11","AAPL","125.91000366210938","1"
"2021-05-12","AAPL","122.7699966430664","1"
"2021-05-13","AAPL","124.97000122070312","2"
"2021-05-14","AAPL","127.44999694824219","3"
"2021-05-17","AAPL","126.2699966430664","1"
"2021-05-18","AAPL","124.8499984741211","1"
"2021-05-19","AAPL","124.69000244140625","1"
"2021-05-20","AAPL","127.30999755859375","2"
"2021-05-21","AAPL","125.43000030517578","1"
"2021-05-24","AAPL","127.0999984741211","2"
"2021-05-25","AAPL","126.9000015258789","1"
"2021-05-26","AAPL","126.8499984741211","1"
"2021-05-27","AAPL","125.27999877929688","1"
"2021-05-28","AAPL","124.61000061035156","1"
"2021-06-01","AAPL","124.27999877929688","1"
"2021-06-02","AAPL","125.05999755859375","2"
"2021-06-03","AAPL","123.54000091552734","1"
"2021-06-04","AAPL","125.88999938964844","2"
"2021-06-07","AAPL","125.9000015258789","3"
"2021-06-08","AAPL","126.73999786376953","4"
"2021-06-09","AAPL","127.12999725341797","5"
"2021-06-10","AAPL","126.11000061035156","1"
"2021-06-11","AAPL","127.3499984741211","2"
"2021-06-14","AAPL","130.47999572753906","3"
"2021-06-15","AAPL","129.63999938964844","1"
"2021-06-16","AAPL","130.14999389648438","2"
"2021-06-17","AAPL","131.7899932861328","3"
"2021-06-18","AAPL","130.4600067138672","1"
"2021-06-21","AAPL","132.3000030517578","2"
"2021-06-22","AAPL","133.97999572753906","3"
"2021-06-23","AAPL","133.6999969482422","1"
"2021-06-24","AAPL","133.41000366210938","1"
"2021-06-25","AAPL","133.11000061035156","1"
"2021-06-28","AAPL","134.77999877929688","2"
"2021-06-29","AAPL","136.3300018310547","3"
"2021-06-30","AAPL","136.9600067138672","4"
"2021-07-01","AAPL","137.27000427246094","5"
"2021-07-02","AAPL","139.9600067138672","6"
"2021-07-06","AAPL","142.02000427246094","7"
"2021-07-07","AAPL","144.57000732421875","8"
"2021-07-08","AAPL","143.24000549316406","1"
"2021-07-09","AAPL","145.11000061035156","2"
"2021-07-12","AAPL","144.5","1"
"2021-07-13","AAPL","145.63999938964844","2"
"2021-07-14","AAPL","149.14999389648438","3"
"2021-07-15","AAPL","148.47999572753906","1"
"2021-07-16","AAPL","146.38999938964844","1"
"2021-07-19","AAPL","142.4499969482422","1"
"2021-07-20","AAPL","146.14999389648438","2"
"2021-07-21","AAPL","145.39999389648438","1"
"2021-07-22","AAPL","146.8000030517578","2"
"2021-07-23","AAPL","148.55999755859375","3"
"2021-07-26","AAPL","148.99000549316406","4"
"2021-07-27","AAPL","146.77000427246094","1"
"2021-07-28","AAPL","144.97999572753906","1"
"2021-07-29","AAPL","145.63999938964844","2"
"2021-07-30","AAPL","145.86000061035156","3"
"2021-08-02","AAPL","145.52000427246094","1"
"2021-08-03","AAPL","147.36000061035156","2"
"2021-08-04","AAPL","146.9499969482422","1"
"2021-08-05","AAPL","147.05999755859375","2"
"2021-08-06","AAPL","146.13999938964844","1"
"2021-08-09","AAPL","146.08999633789062","1"
"2021-08-10","AAPL","145.60000610351562","1"
"2021-08-11","AAPL","145.86000061035156","2"
"2021-08-12","AAPL","148.88999938964844","3"
"2021-08-13","AAPL","149.10000610351562","4"
"2021-08-16","AAPL","151.1199951171875","5"
"2021-08-17","AAPL","150.19000244140625","1"
"2021-08-18","AAPL","146.36000061035156","1"
"2021-08-19","AAPL","146.6999969482422","2"
"2021-08-20","AAPL","148.19000244140625","3"
"2021-08-23","AAPL","149.7100067138672","4"
"2021-08-24","AAPL","149.6199951171875","1"
"2021-08-25","AAPL","148.36000061035156","1"
"2021-08-26","AAPL","147.5399932861328","1"
"2021-08-27","AAPL","148.60000610351562","2"
"2021-08-30","AAPL","153.1199951171875","3"
"2021-08-31","AAPL","151.8300018310547","1"
"2021-09-01","AAPL","152.50999450683594","2"
"2021-09-02","AAPL","153.64999389648438","3"
"2021-09-03","AAPL","154.3000030517578","4"
"2021-09-07","AAPL","156.69000244140625","5"
"2021-09-08","AAPL","155.11000061035156","1"
"2021-09-09","AAPL","154.07000732421875","1"
"2021-09-10","AAPL","148.97000122070312","1"
"2021-09-13","AAPL","149.5500030517578","2"
"2021-09-14","AAPL","148.1199951171875","1"
"2021-09-15","AAPL","149.02999877929688","2"
"2021-09-16","AAPL","148.7899932861328","1"
"2021-09-17","AAPL","146.05999755859375","1"
"2021-09-20","AAPL","142.94000244140625","1"
"2021-09-21","AAPL","143.42999267578125","2"
"2021-09-22","AAPL","145.85000610351562","3"
"2021-09-23","AAPL","146.8300018310547","4"
"2021-09-24","AAPL","146.9199981689453","5"
"2021-09-27","AAPL","145.3699951171875","1"
"2021-09-28","AAPL","141.91000366210938","1"
"2021-09-29","AAPL","142.8300018310547","2"
"2021-09-30","AAPL","141.5","1"
"2021-10-01","AAPL","142.64999389648438","2"
"2021-10-04","AAPL","139.13999938964844","1"
"2021-10-05","AAPL","141.11000061035156","2"
"2021-10-06","AAPL","142","3"
"2021-10-07","AAPL","143.2899932861328","4"
"2021-10-08","AAPL","142.89999389648438","1"
"2021-10-11","AAPL","142.80999755859375","1"
"2021-10-12","AAPL","141.50999450683594","1"
"2021-10-13","AAPL","140.91000366210938","1"
"2021-10-14","AAPL","143.75999450683594","2"
"2021-10-15","AAPL","144.83999633789062","3"
"2021-10-18","AAPL","146.5500030517578","4"
"2021-10-19","AAPL","148.75999450683594","5"
"2021-10-20","AAPL","149.25999450683594","6"
"2021-10-21","AAPL","149.47999572753906","7"
"2021-10-22","AAPL","148.69000244140625","1"
"2021-10-25","AAPL","148.63999938964844","1"
"2021-10-26","AAPL","149.32000732421875","2"
"2021-10-27","AAPL","148.85000610351562","1"
"2021-10-28","AAPL","152.57000732421875","2"
"2021-10-29","AAPL","149.8000030517578","1"
"2021-11-01","AAPL","148.9600067138672","1"
"2021-11-02","AAPL","150.02000427246094","2"
"2021-11-03","AAPL","151.49000549316406","3"
"2021-11-04","AAPL","150.9600067138672","1"
"2021-11-05","AAPL","151.27999877929688","2"
"2021-11-08","AAPL","150.44000244140625","1"
"2021-11-09","AAPL","150.80999755859375","2"
"2021-11-10","AAPL","147.9199981689453","1"
"2021-11-11","AAPL","147.8699951171875","1"
"2021-11-12","AAPL","149.99000549316406","2"
"2021-11-15","AAPL","150","3"
"2021-11-16","AAPL","151","4"
"2021-11-17","AAPL","153.49000549316406","5"
"2021-11-18","AAPL","157.8699951171875","6"
"2021-11-19","AAPL","160.5500030517578","7"
"2021-11-22","AAPL","161.02000427246094","8"
"2021-11-23","AAPL","161.41000366210938","9"
"2021-11-24","AAPL","161.94000244140625","10"
"2021-11-26","AAPL","156.80999755859375","1"
"2021-11-29","AAPL","160.24000549316406","2"
"2021-11-30","AAPL","165.3000030517578","3"
"2021-12-01","AAPL","164.77000427246094","1"
"2021-12-02","AAPL","163.75999450683594","1"
"2021-12-03","AAPL","161.83999633789062","1"
"2021-12-06","AAPL","165.32000732421875","2"
"2021-12-07","AAPL","171.17999267578125","3"
"2021-12-08","AAPL","175.0800018310547","4"
"2021-12-09","AAPL","174.55999755859375","1"
"2021-12-10","AAPL","179.4499969482422","2"
"2021-12-13","AAPL","175.74000549316406","1"
"2021-12-14","AAPL","174.3300018310547","1"
"2021-12-15","AAPL","179.3000030517578","2"
"2021-12-16","AAPL","172.25999450683594","1"
"2021-12-17","AAPL","171.13999938964844","1"
"2021-12-20","AAPL","169.75","1"
"2021-12-21","AAPL","172.99000549316406","2"
"2021-12-22","AAPL","175.63999938964844","3"
"2021-12-23","AAPL","176.27999877929688","4"
"2021-12-27","AAPL","180.3300018310547","5"
"2021-12-28","AAPL","179.2899932861328","1"
"2021-12-29","AAPL","179.3800048828125","2"
"2021-12-30","AAPL","178.1999969482422","1"
"2021-12-31","AAPL","177.57000732421875","1"
"2022-01-03","AAPL","182.00999450683594","2"
"2022-01-04","AAPL","179.6999969482422","1"
"2022-01-05","AAPL","174.9199981689453","1"
"2022-01-06","AAPL","172","1"
"2022-01-07","AAPL","172.1699981689453","2"
"2022-01-10","AAPL","172.19000244140625","3"
"2022-01-11","AAPL","175.0800018310547","4"
"2022-01-12","AAPL","175.52999877929688","5"
"2022-01-13","AAPL","172.19000244140625","1"
"2022-01-14","AAPL","173.07000732421875","2"
"2022-01-18","AAPL","169.8000030517578","1"
"2022-01-19","AAPL","166.22999572753906","1"
"2022-01-20","AAPL","164.50999450683594","1"
"2022-01-21","AAPL","162.41000366210938","1"
"2022-01-24","AAPL","161.6199951171875","1"
"2022-01-25","AAPL","159.77999877929688","1"
"2022-01-26","AAPL","159.69000244140625","1"
"2022-01-27","AAPL","159.22000122070312","1"
"2022-01-28","AAPL","170.3300018310547","2"
"2022-01-31","AAPL","174.77999877929688","3"
"2022-02-01","AAPL","174.61000061035156","1"
"2022-02-02","AAPL","175.83999633789062","2"
"2022-02-03","AAPL","172.89999389648438","1"
"2022-02-04","AAPL","172.38999938964844","1"
"2022-02-07","AAPL","171.66000366210938","1"
"2022-02-08","AAPL","174.8300018310547","2"
"2022-02-09","AAPL","176.27999877929688","3"
"2022-02-10","AAPL","172.1199951171875","1"
"2022-02-11","AAPL","168.63999938964844","1"
"2022-02-14","AAPL","168.8800048828125","2"
"2022-02-15","AAPL","172.7899932861328","3"
"2022-02-16","AAPL","172.5500030517578","1"
"2022-02-17","AAPL","168.8800048828125","1"
"2022-02-18","AAPL","167.3000030517578","1"
"2022-02-22","AAPL","164.32000732421875","1"
"2022-02-23","AAPL","160.07000732421875","1"
"2022-02-24","AAPL","162.74000549316406","2"
"2022-02-25","AAPL","164.85000610351562","3"
"2022-02-28","AAPL","165.1199951171875","4"
"2022-03-01","AAPL","163.1999969482422","1"
"2022-03-02","AAPL","166.55999755859375","2"
"2022-03-03","AAPL","166.22999572753906","1"
"2022-03-04","AAPL","163.1699981689453","1"
"2022-03-07","AAPL","159.3000030517578","1"
"2022-03-08","AAPL","157.44000244140625","1"
"2022-03-09","AAPL","162.9499969482422","2"
"2022-03-10","AAPL","158.52000427246094","1"
"2022-03-11","AAPL","154.72999572753906","1"
"2022-03-14","AAPL","150.6199951171875","1"
"2022-03-15","AAPL","155.08999633789062","2"
"2022-03-16","AAPL","159.58999633789062","3"
"2022-03-17","AAPL","160.6199951171875","4"
"2022-03-18","AAPL","163.97999572753906","5"
"2022-03-21","AAPL","165.3800048828125","6"
"2022-03-22","AAPL","168.82000732421875","7"
"2022-03-23","AAPL","170.2100067138672","8"
"2022-03-24","AAPL","174.07000732421875","9"
"2022-03-25","AAPL","174.72000122070312","10"
"2022-03-28","AAPL","175.60000610351562","11"
"2022-03-29","AAPL","178.9600067138672","12"
"2022-03-30","AAPL","177.77000427246094","1"
"2022-03-31","AAPL","174.61000061035156","1"
"2022-04-01","AAPL","174.30999755859375","1"
"2022-04-04","AAPL","178.44000244140625","2"
"2022-04-05","AAPL","175.05999755859375","1"
"2022-04-06","AAPL","171.8300018310547","1"
"2022-04-07","AAPL","172.13999938964844","2"
"2022-04-08","AAPL","170.08999633789062","1"
"2022-04-11","AAPL","165.75","1"
"2022-04-12","AAPL","167.66000366210938","2"
"2022-04-13","AAPL","170.39999389648438","3"
"2022-04-14","AAPL","165.2899932861328","1"
"2022-04-18","AAPL","165.07000732421875","1"
"2022-04-19","AAPL","167.39999389648438","2"
"2022-04-20","AAPL","167.22999572753906","1"
"2022-04-21","AAPL","166.4199981689453","1"
"2022-04-22","AAPL","161.7899932861328","1"
"2022-04-25","AAPL","162.8800048828125","2"
"2022-04-26","AAPL","156.8000030517578","1"
"2022-04-27","AAPL","156.57000732421875","1"
"2022-04-28","AAPL","163.63999938964844","2"
"2022-04-29","AAPL","157.64999389648438","1"
"2022-05-02","AAPL","157.9600067138672","2"
"2022-05-03","AAPL","159.47999572753906","3"
"2022-05-04","AAPL","166.02000427246094","4"
"2022-05-05","AAPL","156.77000427246094","1"
"2022-05-06","AAPL","157.27999877929688","2"
"2022-05-09","AAPL","152.05999755859375","1"
"2022-05-10","AAPL","154.50999450683594","2"
"2022-05-11","AAPL","146.5","1"
"2022-05-12","AAPL","142.55999755859375","1"
"2022-05-13","AAPL","147.11000061035156","2"
"2022-05-16","AAPL","145.5399932861328","1"
"2022-05-17","AAPL","149.24000549316406","2"
"2022-05-18","AAPL","140.82000732421875","1"
"2022-05-19","AAPL","137.35000610351562","1"
"2022-05-20","AAPL","137.58999633789062","2"
"2022-05-23","AAPL","143.11000061035156","3"
"2022-05-24","AAPL","140.36000061035156","1"
"2022-05-25","AAPL","140.52000427246094","2"
"2022-05-26","AAPL","143.77999877929688","3"
"2022-05-27","AAPL","149.63999938964844","4"
"2022-05-31","AAPL","148.83999633789062","1"
"2022-06-01","AAPL","148.7100067138672","1"
"2022-06-02","AAPL","151.2100067138672","2"
"2022-06-03","AAPL","145.3800048828125","1"
"2022-06-06","AAPL","146.13999938964844","2"
"2022-06-07","AAPL","148.7100067138672","3"
"2022-06-08","AAPL","147.9600067138672","1"
"2022-06-09","AAPL","142.63999938964844","1"
"2022-06-10","AAPL","137.1300048828125","1"
"2022-06-13","AAPL","131.8800048828125","1"
"2022-06-14","AAPL","132.75999450683594","2"
"2022-06-15","AAPL","135.42999267578125","3"
"2022-06-16","AAPL","130.05999755859375","1"
"2022-06-17","AAPL","131.55999755859375","2"
"2022-06-21","AAPL","135.8699951171875","3"
"2022-06-22","AAPL","135.35000610351562","1"
"2022-06-23","AAPL","138.27000427246094","2"
"2022-06-24","AAPL","141.66000366210938","3"
"2022-06-27","AAPL","141.66000366210938","1"
"2022-06-28","AAPL","137.44000244140625","1"
"2022-06-29","AAPL","139.22999572753906","2"
"2022-06-30","AAPL","136.72000122070312","1"
"2022-07-01","AAPL","138.92999267578125","2"
"2022-07-05","AAPL","141.55999755859375","3"
"2022-07-06","AAPL","142.9199981689453","4"
"2022-07-07","AAPL","146.35000610351562","5"
"2022-07-08","AAPL","147.0399932861328","6"
"2022-07-11","AAPL","144.8699951171875","1"
"2022-07-12","AAPL","145.86000061035156","2"
"2022-07-13","AAPL","145.49000549316406","1"
"2022-07-14","AAPL","148.47000122070312","2"
"2022-07-15","AAPL","150.1699981689453","3"
"2022-07-18","AAPL","147.07000732421875","1"
"2022-07-19","AAPL","151","2"
"2022-07-20","AAPL","153.0399932861328","3"
"2022-07-21","AAPL","155.35000610351562","4"
"2022-07-22","AAPL","154.08999633789062","1"
"2022-07-25","AAPL","152.9499969482422","1"
"2022-07-26","AAPL","151.60000610351562","1"
"2022-07-27","AAPL","156.7899932861328","2"
"2022-07-28","AAPL","157.35000610351562","3"
"2022-07-29","AAPL","162.50999450683594","4"
"2022-08-01","AAPL","161.50999450683594","1"
"2022-08-02","AAPL","160.00999450683594","1"
"2022-08-03","AAPL","166.1300048828125","2"
"2022-08-04","AAPL","165.80999755859375","1"
"2022-08-05","AAPL","165.35000610351562","1"
"2022-08-08","AAPL","164.8699951171875","1"
"2022-08-09","AAPL","164.9199981689453","2"
"2022-08-10","AAPL","169.24000549316406","3"
"2022-08-11","AAPL","168.49000549316406","1"
"2022-08-12","AAPL","172.10000610351562","2"
"2022-08-15","AAPL","173.19000244140625","3"
"2022-08-16","AAPL","173.02999877929688","1"
"2022-08-17","AAPL","174.5500030517578","2"
"2022-08-18","AAPL","174.14999389648438","1"
"2022-08-19","AAPL","171.52000427246094","1"
"2022-08-22","AAPL","167.57000732421875","1"
"2022-08-23","AAPL","167.22999572753906","1"
"2022-08-24","AAPL","167.52999877929688","2"
"2022-08-25","AAPL","170.02999877929688","3"
"2022-08-26","AAPL","163.6199951171875","1"
"2022-08-29","AAPL","161.3800048828125","1"
"2022-08-30","AAPL","158.91000366210938","1"
"2022-08-31","AAPL","157.22000122070312","1"
"2022-09-01","AAPL","157.9600067138672","2"
"2022-09-02","AAPL","155.80999755859375","1"
"2022-09-06","AAPL","154.52999877929688","1"
"2022-09-07","AAPL","155.9600067138672","2"
"2022-09-08","AAPL","154.4600067138672","1"
"2022-09-09","AAPL","157.3699951171875","2"
"2022-09-12","AAPL","163.42999267578125","3"
"2022-09-13","AAPL","153.83999633789062","1"
"2022-09-14","AAPL","155.30999755859375","2"
"2022-09-15","AAPL","152.3699951171875","1"
"2022-09-16","AAPL","150.6999969482422","1"
"2022-09-19","AAPL","154.47999572753906","2"
"2022-09-20","AAPL","156.89999389648438","3"
"2022-09-21","AAPL","153.72000122070312","1"
"2022-09-22","AAPL","152.74000549316406","1"
"2022-09-23","AAPL","150.42999267578125","1"
"2022-09-26","AAPL","150.77000427246094","2"
"2022-09-27","AAPL","151.75999450683594","3"
"2022-09-28","AAPL","149.83999633789062","1"
"2022-09-29","AAPL","142.47999572753906","1"
"2022-09-30","AAPL","138.1999969482422","1"
"2022-10-03","AAPL","142.4499969482422","2"
"2022-10-04","AAPL","146.10000610351562","3"
"2022-10-05","AAPL","146.39999389648438","4"
"2022-10-06","AAPL","145.42999267578125","1"
"2022-10-07","AAPL","140.08999633789062","1"
"2022-10-10","AAPL","140.4199981689453","2"
"2022-10-11","AAPL","138.97999572753906","1"
"2022-10-12","AAPL","138.33999633789062","1"
"2022-10-13","AAPL","142.99000549316406","2"
"2022-10-14","AAPL","138.3800048828125","1"
"2022-10-17","AAPL","142.41000366210938","2"
"2022-10-18","AAPL","143.75","3"
"2022-10-19","AAPL","143.86000061035156","4"
"2022-10-20","AAPL","143.38999938964844","1"
"2022-10-21","AAPL","147.27000427246094","2"
"2022-10-24","AAPL","149.4499969482422","3"
"2022-10-25","AAPL","152.33999633789062","4"
"2022-10-26","AAPL","149.35000610351562","1"
"2022-10-27","AAPL","144.8000030517578","1"
"2022-10-28","AAPL","155.74000549316406","2"
"2022-10-31","AAPL","153.33999633789062","1"
"2022-11-01","AAPL","150.64999389648438","1"
"2022-11-02","AAPL","145.02999877929688","1"
"2022-11-03","AAPL","138.8800048828125","1"
"2022-11-04","AAPL","138.3800048828125","1"
"2022-11-07","AAPL","138.9199981689453","2"
"2022-11-08","AAPL","139.5","3"
"2022-11-09","AAPL","134.8699951171875","1"
"2022-11-10","AAPL","146.8699951171875","2"
"2022-11-11","AAPL","149.6999969482422","3"
"2022-11-14","AAPL","148.27999877929688","1"
"2022-11-15","AAPL","150.0399932861328","2"
"2022-11-16","AAPL","148.7899932861328","1"
"2022-11-17","AAPL","150.72000122070312","2"
"2022-11-18","AAPL","151.2899932861328","3"
"2022-11-21","AAPL","148.00999450683594","1"
"2022-11-22","AAPL","150.17999267578125","2"
"2022-11-23","AAPL","151.07000732421875","3"
"2022-11-25","AAPL","148.11000061035156","1"
"2022-11-28","AAPL","144.22000122070312","1"
"2022-11-29","AAPL","141.1699981689453","1"
"2022-11-30","AAPL","148.02999877929688","2"
"2022-12-01","AAPL","148.30999755859375","3"
"2022-12-02","AAPL","147.80999755859375","1"
"2022-12-05","AAPL","146.6300048828125","1"
"2022-12-06","AAPL","142.91000366210938","1"
"2022-12-07","AAPL","140.94000244140625","1"
"2022-12-08","AAPL","142.64999389648438","2"
"2022-12-09","AAPL","142.16000366210938","1"
"2022-12-12","AAPL","144.49000549316406","2"
"2022-12-13","AAPL","145.47000122070312","3"
"2022-12-14","AAPL","143.2100067138672","1"
"2022-12-15","AAPL","136.5","1"
"2022-12-16","AAPL","134.50999450683594","1"
"2022-12-19","AAPL","132.3699951171875","1"
"2022-12-20","AAPL","132.3000030517578","1"
"2022-12-21","AAPL","135.4499969482422","2"
"2022-12-22","AAPL","132.22999572753906","1"
"2022-12-23","AAPL","131.86000061035156","1"
"2022-12-27","AAPL","130.02999877929688","1"
"2022-12-28","AAPL","126.04000091552734","1"
"2022-12-29","AAPL","129.61000061035156","2"
"2022-12-30","AAPL","129.92999267578125","3"
"2023-01-03","AAPL","125.06999969482422","1"
"2023-01-04","AAPL","126.36000061035156","2"
"2023-01-05","AAPL","125.0199966430664","1"
"2023-01-06","AAPL","129.6199951171875","2"
"2023-01-09","AAPL","130.14999389648438","3"
"2023-01-10","AAPL","130.72999572753906","4"
"2023-01-11","AAPL","133.49000549316406","5"
"2023-01-12","AAPL","133.41000366210938","1"
"2023-01-13","AAPL","134.75999450683594","2"
"2023-01-17","AAPL","135.94000244140625","3"
"2023-01-18","AAPL","135.2100067138672","1"
"2023-01-19","AAPL","135.27000427246094","2"
"2023-01-20","AAPL","137.8699951171875","3"
"2023-01-23","AAPL","141.11000061035156","4"
"2023-01-24","AAPL","142.52999877929688","5"
"2023-01-25","AAPL","141.86000061035156","1"
"2023-01-26","AAPL","143.9600067138672","2"
"2023-01-27","AAPL","145.92999267578125","3"
"2023-01-30","AAPL","143","1"
"2023-01-31","AAPL","144.2899932861328","2"
"2023-02-01","AAPL","145.42999267578125","3"
"2023-02-02","AAPL","150.82000732421875","4"
"2023-02-03","AAPL","154.5","5"
"2023-02-06","AAPL","151.72999572753906","1"
"2023-02-07","AAPL","154.64999389648438","2"
"2023-02-08","AAPL","151.9199981689453","1"
"2023-02-09","AAPL","150.8699951171875","1"
"2023-02-10","AAPL","151.00999450683594","2"
"2023-02-13","AAPL","153.85000610351562","3"
"2023-02-14","AAPL","153.1999969482422","1"
"2023-02-15","AAPL","155.3300018310547","2"
"2023-02-16","AAPL","153.7100067138672","1"
"2023-02-17","AAPL","152.5500030517578","1"
"2023-02-21","AAPL","148.47999572753906","1"
"2023-02-22","AAPL","148.91000366210938","2"
"2023-02-23","AAPL","149.39999389648438","3"
"2023-02-24","AAPL","146.7100067138672","1"
"2023-02-27","AAPL","147.9199981689453","2"
"2023-02-28","AAPL","147.41000366210938","1"
"2023-03-01","AAPL","145.30999755859375","1"
"2023-03-02","AAPL","145.91000366210938","2"
"2023-03-03","AAPL","151.02999877929688","3"
"2023-03-06","AAPL","153.8300018310547","4"
"2023-03-07","AAPL","151.60000610351562","1"
"2023-03-08","AAPL","152.8699951171875","2"
"2023-03-09","AAPL","150.58999633789062","1"
"2023-03-10","AAPL","148.5","1"
"2023-03-13","AAPL","150.47000122070312","2"
"2023-03-14","AAPL","152.58999633789062","3"
"2023-03-15","AAPL","152.99000549316406","4"
"2023-03-16","AAPL","155.85000610351562","5"
"2023-03-17","AAPL","155","1"
"2023-03-20","AAPL","157.39999389648438","2"
"2023-03-21","AAPL","159.27999877929688","3"
"2023-03-22","AAPL","157.8300018310547","1"
"2023-03-23","AAPL","158.92999267578125","2"
"2023-03-24","AAPL","160.25","3"
"2023-03-27","AAPL","158.27999877929688","1"
"2023-03-28","AAPL","157.64999389648438","1"
"2023-03-29","AAPL","160.77000427246094","2"
"2023-03-30","AAPL","162.36000061035156","3"
"2023-03-31","AAPL","164.89999389648438","4"
"2023-04-03","AAPL","166.1699981689453","5"
"2023-04-04","AAPL","165.6300048828125","1"
"2023-04-05","AAPL","163.75999450683594","1"
"2023-04-06","AAPL","164.66000366210938","2"
"2023-04-10","AAPL","162.02999877929688","1"
"2023-04-11","AAPL","160.8000030517578","1"
"2023-04-12","AAPL","160.10000610351562","1"
"2023-04-13","AAPL","165.55999755859375","2"
"2023-04-14","AAPL","165.2100067138672","1"
"2023-04-17","AAPL","165.22999572753906","2"
"2023-04-18","AAPL","166.47000122070312","3"
"2023-04-19","AAPL","167.6300048828125","4"
"2023-04-20","AAPL","166.64999389648438","1"
"2023-04-21","AAPL","165.02000427246094","1"
"2023-04-24","AAPL","165.3300018310547","2"
"2023-04-25","AAPL","163.77000427246094","1"
"2023-04-26","AAPL","163.75999450683594","1"
"2023-04-27","AAPL","168.41000366210938","2"
"2023-04-28","AAPL","169.67999267578125","3"
"2023-05-01","AAPL","169.58999633789062","1"
"2023-05-02","AAPL","168.5399932861328","1"
"2023-05-03","AAPL","167.4499969482422","1"
"2023-05-04","AAPL","165.7899932861328","1"
"2023-05-05","AAPL","173.57000732421875","2"
"2023-05-08","AAPL","173.5","1"
"2023-05-09","AAPL","171.77000427246094","1"
"2023-05-10","AAPL","173.55999755859375","2"
"2023-05-11","AAPL","173.75","3"
"2023-05-12","AAPL","172.57000732421875","1"
"2023-05-15","AAPL","172.07000732421875","1"
"2023-05-16","AAPL","172.07000732421875","1"
"2023-05-17","AAPL","172.69000244140625","2"
"2023-05-18","AAPL","175.0500030517578","3"
"2023-05-19","AAPL","175.16000366210938","4"
"2023-05-22","AAPL","174.1999969482422","1"
"2023-05-23","AAPL","171.55999755859375","1"
"2023-05-24","AAPL","171.83999633789062","2"
"2023-05-25","AAPL","172.99000549316406","3"
"2023-05-26","AAPL","175.42999267578125","4"
"2023-05-30","AAPL","177.3000030517578","5"
"2023-05-31","AAPL","177.25","1"
"2023-06-01","AAPL","180.08999633789062","2"
"2023-06-02","AAPL","180.9499969482422","3"
"2023-06-05","AAPL","179.5800018310547","1"
"2023-06-06","AAPL","179.2100067138672","1"
"2023-06-07","AAPL","177.82000732421875","1"
"2023-06-08","AAPL","180.57000732421875","2"
"2023-06-09","AAPL","180.9600067138672","3"
"2023-06-12","AAPL","183.7899932861328","4"
"2023-06-13","AAPL","183.30999755859375","1"
"2023-06-14","AAPL","183.9499969482422","2"
"2023-06-15","AAPL","186.00999450683594","3"
"2023-06-16","AAPL","184.9199981689453","1"
"2023-06-20","AAPL","185.00999450683594","2"
"2023-06-21","AAPL","183.9600067138672","1"
"2023-06-22","AAPL","187","2"
"2023-06-23","AAPL","186.67999267578125","1"
"2023-06-26","AAPL","185.27000427246094","1"
"2023-06-27","AAPL","188.05999755859375","2"
"2023-06-28","AAPL","189.25","3"
"2023-06-29","AAPL","189.58999633789062","4"
"2023-06-30","AAPL","193.97000122070312","5"
"2023-07-03","AAPL","192.4600067138672","1"
"2023-07-05","AAPL","191.3300018310547","1"
"2023-07-06","AAPL","191.80999755859375","2"
"2023-07-07","AAPL","190.67999267578125","1"
"2023-07-10","AAPL","188.61000061035156","1"
"2023-07-11","AAPL","188.0800018310547","1"
"2023-07-12","AAPL","189.77000427246094","2"
"2023-07-13","AAPL","190.5399932861328","3"
"2023-07-14","AAPL","190.69000244140625","4"
"2023-07-17","AAPL","193.99000549316406","5"
"2023-07-18","AAPL","193.72999572753906","1"
"2023-07-19","AAPL","195.10000610351562","2"
"2023-07-20","AAPL","193.1300048828125","1"
"2023-07-21","AAPL","191.94000244140625","1"
"2023-07-24","AAPL","192.75","2"
"2023-07-25","AAPL","193.6199951171875","3"
"2023-07-26","AAPL","194.5","4"
"2023-07-27","AAPL","193.22000122070312","1"
"2023-07-28","AAPL","195.8300018310547","2"
"2023-07-31","AAPL","196.4499969482422","3"
"2023-08-01","AAPL","195.61000061035156","1"
"2023-08-02","AAPL","192.5800018310547","1"
"2023-08-03","AAPL","191.1699981689453","1"
"2023-08-04","AAPL","181.99000549316406","1"
"2023-08-07","AAPL","178.85000610351562","1"
"2023-08-08","AAPL","179.8000030517578","2"
"2023-08-09","AAPL","178.19000244140625","1"
"2023-08-10","AAPL","177.97000122070312","1"
"2023-08-11","AAPL","177.7899932861328","1"
"2023-08-14","AAPL","179.4600067138672","2"
"2023-08-15","AAPL","177.4499969482422","1"
"2023-08-16","AAPL","176.57000732421875","1"
"2023-08-17","AAPL","174","1"
"2023-08-18","AAPL","174.49000549316406","2"
"2023-08-21","AAPL","175.83999633789062","3"
"2023-08-22","AAPL","177.22999572753906","4"
"2023-08-23","AAPL","181.1199951171875","5"
"2023-08-24","AAPL","176.3800048828125","1"
"2023-08-25","AAPL","178.61000061035156","2"
"2023-08-28","AAPL","180.19000244140625","3"
"2023-08-29","AAPL","184.1199951171875","4"
"2023-08-30","AAPL","187.64999389648438","5"
"2023-08-31","AAPL","187.8699951171875","6"
"2023-09-01","AAPL","189.4600067138672","7"
"2023-09-05","AAPL","189.6999969482422","8"
"2023-09-06","AAPL","182.91000366210938","1"
"2023-09-07","AAPL","177.55999755859375","1"
"2023-09-08","AAPL","178.17999267578125","2"
"2023-09-11","AAPL","179.36000061035156","3"
"2023-09-12","AAPL","176.3000030517578","1"
"2023-09-13","AAPL","174.2100067138672","1"
"2023-09-14","AAPL","175.74000549316406","2"
"2023-09-15","AAPL","175.00999450683594","1"
"2023-09-18","AAPL","177.97000122070312","2"
"2023-09-19","AAPL","179.07000732421875","3"
"2023-09-20","AAPL","175.49000549316406","1"
"2023-09-21","AAPL","173.92999267578125","1"
"2023-09-22","AAPL","174.7899932861328","2"
"2023-09-25","AAPL","176.0800018310547","3"
"2023-09-26","AAPL","171.9600067138672","1"
"2023-09-27","AAPL","170.42999267578125","1"
"2023-09-28","AAPL","170.69000244140625","2"
"2023-09-29","AAPL","171.2100067138672","3"
"2023-10-02","AAPL","173.75","4"
"2023-10-03","AAPL","172.39999389648438","1"
"2023-10-04","AAPL","173.66000366210938","2"
"2023-10-05","AAPL","174.91000366210938","3"
"2023-10-06","AAPL","177.49000549316406","4"
"2023-10-09","AAPL","178.99000549316406","5"
"2023-10-10","AAPL","178.38999938964844","1"
"2023-10-11","AAPL","179.8000030517578","2"
"2023-10-12","AAPL","180.7100067138672","3"
"2023-10-13","AAPL","178.85000610351562","1"
"2023-10-16","AAPL","178.72000122070312","1"
"2023-10-17","AAPL","177.14999389648438","1"
"2023-10-18","AAPL","175.83999633789062","1"
"2023-10-19","AAPL","175.4600067138672","1"
"2023-10-20","AAPL","172.8800048828125","1"
"2023-10-23","AAPL","173","2"
"2023-10-24","AAPL","173.44000244140625","3"
"2023-10-25","AAPL","171.10000610351562","1"
"2023-10-26","AAPL","166.88999938964844","1"
"2023-10-27","AAPL","168.22000122070312","2"
"2023-10-30","AAPL","170.2899932861328","3"
"2023-10-31","AAPL","170.77000427246094","4"
"2023-11-01","AAPL","173.97000122070312","5"
"2023-11-02","AAPL","177.57000732421875","6"
"2023-11-03","AAPL","176.64999389648438","1"
"2023-11-06","AAPL","179.22999572753906","2"
"2023-11-07","AAPL","181.82000732421875","3"
"2023-11-08","AAPL","182.88999938964844","4"
"2023-11-09","AAPL","182.41000366210938","1"
"2023-11-10","AAPL","186.39999389648438","2"
"2023-11-13","AAPL","184.8000030517578","1"
"2023-11-14","AAPL","187.44000244140625","2"
"2023-11-15","AAPL","188.00999450683594","3"
"2023-11-16","AAPL","189.7100067138672","4"
"2023-11-17","AAPL","189.69000244140625","1"
"2023-11-20","AAPL","191.4499969482422","2"
"2023-11-21","AAPL","190.63999938964844","1"
"2023-11-22","AAPL","191.30999755859375","2"
"2023-11-24","AAPL","189.97000122070312","1"
"2023-11-27","AAPL","189.7899932861328","1"
"2023-11-28","AAPL","190.39999389648438","2"
"2023-11-29","AAPL","189.3699951171875","1"
"2023-11-30","AAPL","189.9499969482422","2"
"2023-12-01","AAPL","191.24000549316406","3"
"2023-12-04","AAPL","189.42999267578125","1"
"2023-12-05","AAPL","193.4199981689453","2"
"2023-12-06","AAPL","192.32000732421875","1"
"2023-12-07","AAPL","194.27000427246094","2"
"2023-12-08","AAPL","195.7100067138672","3"
"2023-12-11","AAPL","193.17999267578125","1"
"2023-12-12","AAPL","194.7100067138672","2"
"2023-12-13","AAPL","197.9600067138672","3"
"2023-12-14","AAPL","198.11000061035156","4"
"2023-12-15","AAPL","197.57000732421875","1"
"2023-12-18","AAPL","195.88999938964844","1"
"2023-12-19","AAPL","196.94000244140625","2"
"2023-12-20","AAPL","194.8300018310547","1"
"2023-12-21","AAPL","194.67999267578125","1"
"2023-12-22","AAPL","193.60000610351562","1"
"2023-12-26","AAPL","193.0500030517578","1"
"2023-12-27","AAPL","193.14999389648438","2"
"2023-12-28","AAPL","193.5800018310547","3"
"2023-12-29","AAPL","192.52999877929688","1"
"2024-01-02","AAPL","185.63999938964844","1"
"2024-01-03","AAPL","184.25","1"
"2024-01-04","AAPL","181.91000366210938","1"
"2024-01-05","AAPL","181.17999267578125","1"
"2024-01-08","AAPL","185.55999755859375","2"
"2024-01-09","AAPL","185.13999938964844","1"
"2024-01-10","AAPL","186.19000244140625","2"
"2024-01-11","AAPL","185.58999633789062","1"
"2024-01-12","AAPL","185.9199981689453","2"
"2024-01-16","AAPL","183.6300048828125","1"
"2024-01-17","AAPL","182.67999267578125","1"
"2024-01-18","AAPL","188.6300048828125","2"
"2024-01-19","AAPL","191.55999755859375","3"
"2024-01-22","AAPL","193.88999938964844","4"
"2024-01-23","AAPL","195.17999267578125","5"
"2024-01-24","AAPL","194.5","1"
"2024-01-25","AAPL","194.1699981689453","1"
"2024-01-26","AAPL","192.4199981689453","1"
"2024-01-29","AAPL","191.72999572753906","1"
"2024-01-30","AAPL","188.0399932861328","1"
"2024-01-31","AAPL","184.39999389648438","1"
"2024-02-01","AAPL","186.86000061035156","2"
"2024-02-02","AAPL","185.85000610351562","1"
"2024-02-05","AAPL","187.67999267578125","2"
"2024-02-06","AAPL","189.3000030517578","3"
"2024-02-07","AAPL","189.41000366210938","4"
"2024-02-08","AAPL","188.32000732421875","1"
"2024-02-09","AAPL","188.85000610351562","2"
"2024-02-12","AAPL","187.14999389648438","1"
"2024-02-13","AAPL","185.0399932861328","1"
"2024-02-14","AAPL","184.14999389648438","1"
"2024-02-15","AAPL","183.86000061035156","1"
"2024-02-16","AAPL","182.30999755859375","1"
"2024-02-20","AAPL","181.55999755859375","1"
"2024-02-21","AAPL","182.32000732421875","2"
"2024-02-22","AAPL","184.3699951171875","3"
"2024-02-23","AAPL","182.52000427246094","1"
"2024-02-26","AAPL","181.16000366210938","1"
"2024-02-27","AAPL","182.6300048828125","2"
"2024-02-28","AAPL","181.4199981689453","1"
"2024-02-29","AAPL","180.75","1"
"2024-03-01","AAPL","179.66000366210938","1"
"2024-03-04","AAPL","175.10000610351562","1"
"2024-03-05","AAPL","170.1199951171875","1"
"2024-03-06","AAPL","169.1199951171875","1"
"2024-03-07","AAPL","169","1"
"2024-03-08","AAPL","170.72999572753906","2"
"2024-03-11","AAPL","172.75","3"
"2024-03-12","AAPL","173.22999572753906","4"
"2024-03-13","AAPL","171.1300048828125","1"
"2024-03-14","AAPL","173","2"
"2024-03-15","AAPL","172.6199951171875","1"
"2024-03-18","AAPL","173.72000122070312","2"
"2024-03-19","AAPL","176.0800018310547","3"
"2024-03-20","AAPL","178.6699981689453","4"
"2024-03-21","AAPL","171.3699951171875","1"
"2024-03-22","AAPL","172.27999877929688","2"
"2024-03-25","AAPL","170.85000610351562","1"
"2024-03-26","AAPL","169.7100067138672","1"
"2024-03-27","AAPL","173.30999755859375","2"
"2024-03-28","AAPL","171.47999572753906","1"
"2024-04-01","AAPL","170.02999877929688","1"
"2024-04-02","AAPL","168.83999633789062","1"
"2024-04-03","AAPL","169.64999389648438","2"
"2024-04-04","AAPL","168.82000732421875","1"
"2024-04-05","AAPL","169.5800018310547","2"
"2024-04-08","AAPL","168.4499969482422","1"
"2024-04-09","AAPL","169.6699981689453","2"
"2024-04-10","AAPL","167.77999877929688","1"
"2024-04-11","AAPL","175.0399932861328","2"
"2024-04-12","AAPL","176.5500030517578","3"
"2024-04-15","AAPL","172.69000244140625","1"
"2024-04-16","AAPL","169.3800048828125","1"
"2024-04-17","AAPL","168","1"
"2024-04-18","AAPL","167.0399932861328","1"
"2024-04-19","AAPL","165","1"
"2024-04-22","AAPL","165.83999633789062","2"
"2024-04-23","AAPL","166.89999389648438","3"
"2024-04-24","AAPL","169.02000427246094","4"
"2024-04-25","AAPL","169.88999938964844","5"
"2024-04-26","AAPL","169.3000030517578","1"
"2024-04-29","AAPL","173.5","2"
"2024-04-30","AAPL","170.3300018310547","1"
"2024-05-01","AAPL","169.3000030517578","1"
"2024-05-02","AAPL","173.02999877929688","2"
"2024-05-03","AAPL","183.3800048828125","3"
"2024-05-06","AAPL","181.7100067138672","1"
"2024-05-07","AAPL","182.39999389648438","2"
"2024-05-08","AAPL","182.74000549316406","3"
"2024-05-09","AAPL","184.57000732421875","4"
"2024-05-10","AAPL","183.0500030517578","1"
"2024-05-13","AAPL","186.27999877929688","2"
"2024-05-14","AAPL","187.42999267578125","3"
"2024-05-15","AAPL","189.72000122070312","4"
"2024-05-16","AAPL","189.83999633789062","5"
"2024-05-17","AAPL","189.8699951171875","6"
"2024-05-20","AAPL","191.0399932861328","7"
"2024-05-21","AAPL","192.35000610351562","8"
"2024-05-22","AAPL","190.89999389648438","1"
"2024-05-23","AAPL","186.8800048828125","1"
"2024-05-24","AAPL","189.97999572753906","2"
"2024-05-28","AAPL","189.99000549316406","3"
"2024-05-29","AAPL","190.2899932861328","4"
"2024-05-30","AAPL","191.2899932861328","5"
"2024-05-31","AAPL","192.25","6"
"2024-06-03","AAPL","194.02999877929688","7"
"2024-06-04","AAPL","194.35000610351562","8"
"2024-06-05","AAPL","195.8699951171875","9"
"2024-06-06","AAPL","194.47999572753906","1"
"2024-06-07","AAPL","196.88999938964844","2"
"2024-06-10","AAPL","193.1199951171875","1"
"2024-06-11","AAPL","207.14999389648438","2"
"2024-06-12","AAPL","213.07000732421875","3"
"2024-06-13","AAPL","214.24000549316406","4"
"2024-06-14","AAPL","212.49000549316406","1"
"2024-06-17","AAPL","216.6699981689453","2"
"2024-06-18","AAPL","214.2899932861328","1"
"2024-06-20","AAPL","209.67999267578125","1"
"2024-06-21","AAPL","207.49000549316406","1"
"2024-06-24","AAPL","208.13999938964844","2"
"2024-06-25","AAPL","209.07000732421875","3"
"2024-06-26","AAPL","213.25","4"
"2024-06-27","AAPL","214.10000610351562","5"
"2024-06-28","AAPL","210.6199951171875","1"
"2024-07-01","AAPL","216.75","2"
"2024-07-02","AAPL","220.27000427246094","3"
"2024-07-03","AAPL","221.5500030517578","4"
"2024-07-05","AAPL","226.33999633789062","5"
"2024-07-08","AAPL","227.82000732421875","6"
"2024-07-09","AAPL","228.67999267578125","7"
"2024-07-10","AAPL","232.97999572753906","8"
"2024-07-11","AAPL","227.57000732421875","1"
"2024-07-12","AAPL","230.5399932861328","2"
"2024-07-15","AAPL","234.39999389648438","3"
"2024-07-16","AAPL","234.82000732421875","4"
"2024-07-17","AAPL","228.8800048828125","1"
"2024-07-18","AAPL","224.17999267578125","1"
"2024-07-19","AAPL","224.30999755859375","2"
"2024-07-22","AAPL","223.9600067138672","1"
"2024-07-23","AAPL","225.00999450683594","2"
"2024-07-24","AAPL","218.5399932861328","1"
"2024-07-25","AAPL","217.49000549316406","1"
"2024-07-26","AAPL","217.9600067138672","2"
"2024-07-29","AAPL","218.24000549316406","3"
"2024-07-30","AAPL","218.8000030517578","4"
"2024-07-31","AAPL","222.0800018310547","5"
"2024-08-01","AAPL","218.36000061035156","1"
"2024-08-02","AAPL","219.86000061035156","2"
"2024-08-05","AAPL","209.27000427246094","1"
"2024-08-06","AAPL","207.22999572753906","1"
"2024-08-07","AAPL","209.82000732421875","2"
"2024-08-08","AAPL","213.30999755859375","3"
"2024-08-09","AAPL","216.24000549316406","4"
"2024-08-12","AAPL","217.52999877929688","5"
"2024-08-13","AAPL","221.27000427246094","6"
"2024-08-14","AAPL","221.72000122070312","7"
"2024-08-15","AAPL","224.72000122070312","8"
"2024-08-16","AAPL","226.0500030517578","9"
"2024-08-19","AAPL","225.88999938964844","1"
"2024-08-20","AAPL","226.50999450683594","2"
"2024-08-21","AAPL","226.39999389648438","1"
"2024-08-22","AAPL","224.52999877929688","1"
"2024-08-23","AAPL","226.83999633789062","2"
"2024-08-26","AAPL","227.17999267578125","3"
"2024-08-27","AAPL","228.02999877929688","4"
"2024-08-28","AAPL","226.49000549316406","1"
"2024-08-29","AAPL","229.7899932861328","2"
"2024-08-30","AAPL","229","1"
"2024-09-03","AAPL","222.77000427246094","1"
"2024-09-04","AAPL","220.85000610351562","1"
"2024-09-05","AAPL","222.3800048828125","2"
"2024-09-06","AAPL","220.82000732421875","1"
"2024-09-09","AAPL","220.91000366210938","2"
"2024-09-10","AAPL","220.11000061035156","1"
"2024-09-11","AAPL","222.66000366210938","2"
"2024-09-12","AAPL","222.77000427246094","3"
"2024-09-13","AAPL","222.5","1"
"2024-09-16","AAPL","216.32000732421875","1"
"2024-09-17","AAPL","216.7899932861328","2"
"2024-09-18","AAPL","220.69000244140625","3"
"2024-09-19","AAPL","228.8699951171875","4"
"2024-09-20","AAPL","228.1999969482422","1"
"2024-09-23","AAPL","226.47000122070312","1"
"2024-09-24","AAPL","227.3699951171875","2"
"2024-09-25","AAPL","226.3699951171875","1"
"2024-09-26","AAPL","227.52000427246094","2"
"2024-09-27","AAPL","227.7899932861328","3"
"2024-09-30","AAPL","233","4"
"2024-10-01","AAPL","226.2100067138672","1"
"2024-10-02","AAPL","226.77999877929688","2"
"2024-10-03","AAPL","225.6699981689453","1"
"2024-10-04","AAPL","226.8000030517578","2"
"2024-10-07","AAPL","221.69000244140625","1"
"2024-10-08","AAPL","225.77000427246094","2"
"2024-10-09","AAPL","229.5399932861328","3"
"2024-10-10","AAPL","229.0399932861328","1"
"2024-10-11","AAPL","227.5500030517578","1"
"2024-10-14","AAPL","231.3000030517578","2"
"2024-10-15","AAPL","233.85000610351562","3"
"2024-10-16","AAPL","231.77999877929688","1"
"2024-10-17","AAPL","232.14999389648438","2"
"2024-10-18","AAPL","235","3"
"2024-10-21","AAPL","236.47999572753906","4"
"2024-10-22","AAPL","235.86000061035156","1"
"2024-10-23","AAPL","230.75999450683594","1"
"2024-10-24","AAPL","230.57000732421875","1"
"2024-10-25","AAPL","231.41000366210938","2"
"2024-10-28","AAPL","233.39999389648438","3"
"2024-10-29","AAPL","233.6699981689453","4"
"2024-10-30","AAPL","230.10000610351562","1"
"2024-10-31","AAPL","225.91000366210938","1"
"2024-11-01","AAPL","222.91000366210938","1"
"2024-11-04","AAPL","222.00999450683594","1"
"2024-11-05","AAPL","223.4499969482422","2"
"2024-11-06","AAPL","222.72000122070312","1"
"2024-11-07","AAPL","227.47999572753906","2"
"2024-11-08","AAPL","226.9600067138672","1"
"2024-11-11","AAPL","224.22999572753906","1"
"2024-11-12","AAPL","224.22999572753906","1"
"2024-11-13","AAPL","225.1199951171875","2"
"2024-11-14","AAPL","228.22000122070312","3"
"2024-11-15","AAPL","225","1"
"2024-11-18","AAPL","228.02000427246094","2"
"2024-11-19","AAPL","228.27999877929688","3"
"2024-11-20","AAPL","229","4"
"2024-11-21","AAPL","228.52000427246094","1"
"2024-11-22","AAPL","229.8699951171875","2"
"2024-11-25","AAPL","232.8699951171875","3"
"2024-11-26","AAPL","235.05999755859375","4"
"2024-11-27","AAPL","234.92999267578125","1"
"2024-11-29","AAPL","237.3300018310547","2"
"2024-12-02","AAPL","239.58999633789062","3"
"2024-12-03","AAPL","242.64999389648438","4"
"2024-12-04","AAPL","243.00999450683594","5"
"2024-12-05","AAPL","243.0399932861328","6"
"2024-12-06","AAPL","242.83999633789062","1"
"2024-12-09","AAPL","246.75","2"
"2024-12-10","AAPL","247.77000427246094","3"
"2024-12-11","AAPL","246.49000549316406","1"
"2024-12-12","AAPL","247.9600067138672","2"
"2024-12-13","AAPL","248.1300048828125","3"
"2024-12-16","AAPL","251.0399932861328","4"
"2024-12-17","AAPL","253.47999572753906","5"
"2024-12-18","AAPL","248.0500030517578","1"
"2024-12-19","AAPL","249.7899932861328","2"
"2024-12-20","AAPL","254.49000549316406","3"
"2024-12-23","AAPL","255.27000427246094","4"
"2024-12-24","AAPL","258.20001220703125","5"
"2024-12-26","AAPL","259.0199890136719","6"
"2024-12-27","AAPL","255.58999633789062","1"
"2024-12-30","AAPL","252.1999969482422","1"
"2024-12-31","AAPL","250.4199981689453","1"
"2025-01-02","AAPL","243.85000610351562","1"
"2025-01-03","AAPL","243.36000061035156","1"
"2025-01-06","AAPL","245","2"
"2025-01-07","AAPL","242.2100067138672","1"
"2025-01-08","AAPL","242.6999969482422","2"
"2025-01-10","AAPL","236.85000610351562","1"
"2025-01-13","AAPL","234.39999389648438","1"
"2025-01-14","AAPL","233.27999877929688","1"
"2025-01-15","AAPL","237.8699951171875","2"
"2025-01-16","AAPL","228.25999450683594","1"
"2025-01-17","AAPL","229.97999572753906","2"
"2025-01-21","AAPL","222.63999938964844","1"
"2025-01-22","AAPL","223.8300018310547","2"
"2025-01-23","AAPL","223.66000366210938","1"
"2025-01-24","AAPL","222.77999877929688","1"
"2025-01-27","AAPL","229.86000061035156","2"
"2025-01-28","AAPL","238.25999450683594","3"
"2025-01-29","AAPL","239.36000061035156","4"
"2025-01-30","AAPL","237.58999633789062","1"
"2025-01-31","AAPL","236","1"
"2025-02-03","AAPL","228.00999450683594","1"
"2025-02-04","AAPL","232.8000030517578","2"
"2025-02-05","AAPL","232.47000122070312","1"
"2025-02-06","AAPL","233.22000122070312","2"
"2025-02-07","AAPL","227.6300048828125","1"
